FACULTAD;DEPARTAMENTO;PERIODO;CURSO;NRO_MATRICULADOS
Agronomia;Entomologia;2025-II;Apicultura General;30
Agronomia;Entomologia;2025-II;Control Biologico;34
Agronomia;Entomologia;2025-II;Crianza y Evaluacion de Insectos;24
Agronomia;Entomologia;2025-II;Entomologia Agricola;196
Agronomia;Entomologia;2025-II;Entomologia General;162
Agronomia;Entomologia;2025-II;Principios de Control de Plagas;126
Agronomia;Fitopatologia;2025-II;Fitopatologia Agricola;330
Agronomia;Fitopatologia;2025-II;Fitopatologia General;244
Agronomia;Fitopatologia;2025-II;Fitovirologia General;8
Agronomia;Fitotecnia;2025-II;Agroecologia;202
Agronomia;Fitotecnia;2025-II;Agrotecnia;115
Agronomia;Fitotecnia;2025-II;Algodonero y Otras Fibras Vegetales;14
Agronomia;Fitotecnia;2025-II;Arroz;8
Agronomia;Fitotecnia;2025-II;Biotecnologia - Micropropagacion;60
Agronomia;Fitotecnia;2025-II;Caña de Azucar;17
Agronomia;Fitotecnia;2025-II;Cereales Menores y Granos Nativos;2
Agronomia;Fitotecnia;2025-II;Cultivos Forrajeros;42
Agronomia;Fitotecnia;2025-II;Cultivos I (Cebada, trigo, arroz, maiz, cereales andinos);183
Agronomia;Fitotecnia;2025-II;Cultivos II (Papa, camote, leguminosas);252
Agronomia;Fitotecnia;2025-II;Cultivos III (Algodon, oleaginosas, caña de azucar);138
Agronomia;Fitotecnia;2025-II;Cultivos IV (Cultivos tropicales, cultivos forrajeros);219
Agronomia;Fitotecnia;2025-II;Cultivos Tropicales;9
Agronomia;Fitotecnia;2025-II;Ecofisiologia de Cultivos;26
Agronomia;Fitotecnia;2025-II;Extension y Promocion Agraria;80
Agronomia;Fitotecnia;2025-II;Fitogenetica;80
Agronomia;Fitotecnia;2025-II;Fitomejoramiento General;92
Agronomia;Fitotecnia;2025-II;Formulacion y Evaluacion de Proyectos Agrarios;17
Agronomia;Fitotecnia;2025-II;Gestion Agricola I;79
Agronomia;Fitotecnia;2025-II;Gestion Agricola II;64
Agronomia;Fitotecnia;2025-II;Gestion Agricola III;54
Agronomia;Fitotecnia;2025-II;Introduccion a la Agronomia;211
Agronomia;Fitotecnia;2025-II;Leguminosas de Granos;30
Agronomia;Fitotecnia;2025-II;Maiz y Sorgo;8
Agronomia;Fitotecnia;2025-II;Manejo de Malezas;91
Agronomia;Fitotecnia;2025-II;Manejo de Pasturas;33
Agronomia;Fitotecnia;2025-II;Manejo y Control de Semillas;88
Agronomia;Fitotecnia;2025-II;Oleaginosas;32
Agronomia;Fitotecnia;2025-II;Practicas Agronomicas I;142
Agronomia;Fitotecnia;2025-II;Practicas Agronomicas II;114
Agronomia;Fitotecnia;2025-II;Sistemas Agrarios;26
Agronomia;Fitotecnia;2025-II;Sistematica Agricola;110
Agronomia;Fitotecnia;2025-II;Tecnologias Agricolas;56
Agronomia;Fitotecnia;2025-II;Tuberosas y Raices;14
Agronomia;Horticultura;2025-II;Fisiologia y Manejo Post Cosecha;86
Agronomia;Horticultura;2025-II;Fruticultura Especial I;19
Agronomia;Horticultura;2025-II;Fruticultura Especial II;19
Agronomia;Horticultura;2025-II;Fruticultura General;114
Agronomia;Horticultura;2025-II;Manejo de Viveros;23
Agronomia;Horticultura;2025-II;Metodologia de la Investigacion;27
Agronomia;Horticultura;2025-II;Olericultura Especial;12
Agronomia;Horticultura;2025-II;Olericultura General;339
Agronomia;Horticultura;2025-II;Principios de Arquitectura Paisajista;23
Agronomia;Horticultura;2025-II;Principios de Propagacion de Plantas;90
Agronomia;Horticultura;2025-II;Seminario en Ciencias Agronomia I;74
Agronomia;Horticultura;2025-II;Seminario en Ciencias Agronomia II;57
Agronomia;Horticultura;2025-II;Viticultura;6
Agronomia;Suelos;2025-II;Contaminacion de Suelos;47
Agronomia;Suelos;2025-II;Edafologia;343
Agronomia;Suelos;2025-II;Fertilidad del Suelo;156
Agronomia;Suelos;2025-II;Fundamentos del Riego;62
Agronomia;Suelos;2025-II;Geologia;44
Agronomia;Suelos;2025-II;Manejo y Conservacion del Suelo;112
Agronomia;Suelos;2025-II;Microbiologia del Suelo;14
Ciencias;Biologia;2025-II;Biodiversidad;24
Ciencias;Biologia;2025-II;Biologia Celular;33
Ciencias;Biologia;2025-II;Biologia Experimental I;10
Ciencias;Biologia;2025-II;Biologia Experimental II;13
Ciencias;Biologia;2025-II;Biologia Experimental III;4
Ciencias;Biologia;2025-II;Biologia General;562
Ciencias;Biologia;2025-II;Biotecnologia;13
Ciencias;Biologia;2025-II;Botanica Economica;66
Ciencias;Biologia;2025-II;Botanica General;203
Ciencias;Biologia;2025-II;Comunicacion Cientifica;20
Ciencias;Biologia;2025-II;Cultivo de Celulas y Tejidos Vegetales;84
Ciencias;Biologia;2025-II;Diversidad de Angiospermas;36
Ciencias;Biologia;2025-II;Diversidad de Cordados;41
Ciencias;Biologia;2025-II;Ecologia de Montanas;1
Ciencias;Biologia;2025-II;Ecologia de Poblaciones;23
Ciencias;Biologia;2025-II;Ecologia del Individuo;31
Ciencias;Biologia;2025-II;Ecologia General;892
Ciencias;Biologia;2025-II;Fisiologia Animal;41
Ciencias;Biologia;2025-II;Fisiologia Microbiana;23
Ciencias;Biologia;2025-II;Fisiologia Vegetal;336
Ciencias;Biologia;2025-II;Fisiologia Vegetal Avanzada;28
Ciencias;Biologia;2025-II;Genetica;156
Ciencias;Biologia;2025-II;Genetica de Poblaciones;48
Ciencias;Biologia;2025-II;Genetica Molecular Microbiana;40
Ciencias;Biologia;2025-II;Herramientas para la Descripcion de los Ecosistemas;18
Ciencias;Biologia;2025-II;Investigacion;19
Ciencias;Biologia;2025-II;Laboratorio de Genetica;27
Ciencias;Biologia;2025-II;Laboratorio de Microbiologia;98
Ciencias;Biologia;2025-II;Metabolismo Microbiano;28
Ciencias;Biologia;2025-II;Microbiologia;99
Ciencias;Biologia;2025-II;Microbiologia Industrial;17
Ciencias;Biologia;2025-II;Morfogenesis y Diferenciacion Vegetal;12
Ciencias;Biologia;2025-II;Principios de Bioinformatica;4
Ciencias;Biologia;2025-II;Principios de Evolucion;17
Ciencias;Biologia;2025-II;Zoologia General;40
Ciencias;Fisica y Meteorologia;2025-II;Agrometeorologia;22
Ciencias;Fisica y Meteorologia;2025-II;Cambio Climatico, Adaptacion y Mitigacion;5
Ciencias;Fisica y Meteorologia;2025-II;Climatologia;33
Ciencias;Fisica y Meteorologia;2025-II;Climatologia Aplicada;49
Ciencias;Fisica y Meteorologia;2025-II;Electronica Experimental;26
Ciencias;Fisica y Meteorologia;2025-II;Evaluacion Y Vigilancia del Riesgo Climatico;16
Ciencias;Fisica y Meteorologia;2025-II;Fisica Ambiental;39
Ciencias;Fisica y Meteorologia;2025-II;Fisica Aplicada;20
Ciencias;Fisica y Meteorologia;2025-II;Fisica de Calor y Procesos;19
Ciencias;Fisica y Meteorologia;2025-II;Fisica General;553
Ciencias;Fisica y Meteorologia;2025-II;Fisica II;96
Ciencias;Fisica y Meteorologia;2025-II;Fisica III;47
Ciencias;Fisica y Meteorologia;2025-II;Geomatica Aplicada;9
Ciencias;Fisica y Meteorologia;2025-II;Gestion de Riesgo Climatico y Desastres Hidrometeorologicos;18
Ciencias;Fisica y Meteorologia;2025-II;Hidrometeorologia;17
Ciencias;Fisica y Meteorologia;2025-II;Interaccion Oceano Atmosfera;11
Ciencias;Fisica y Meteorologia;2025-II;Introduccion a la Gestion del Riesgo Climatico;8
Ciencias;Fisica y Meteorologia;2025-II;Introduccion a la Inteligencia Artificial;54
Ciencias;Fisica y Meteorologia;2025-II;Introduccion a la Meteorologia y Gestion de Riesgos Climaticos;23
Ciencias;Fisica y Meteorologia;2025-II;Mecanica;17
Ciencias;Fisica y Meteorologia;2025-II;Meteorologia Aeronautica;18
Ciencias;Fisica y Meteorologia;2025-II;Meteorologia Dinamica;16
Ciencias;Fisica y Meteorologia;2025-II;Meteorologia Economica, Mercadotecnia y Gestion;17
Ciencias;Fisica y Meteorologia;2025-II;Meteorologia Fisica;12
Ciencias;Fisica y Meteorologia;2025-II;Meteorologia General;244
Ciencias;Fisica y Meteorologia;2025-II;Meteorologia Sinoptica I;34
Ciencias;Fisica y Meteorologia;2025-II;Meteorologia Sinoptica II;7
Ciencias;Fisica y Meteorologia;2025-II;Meteorologia Tropical;18
Ciencias;Fisica y Meteorologia;2025-II;Micrometeorologia;6
Ciencias;Fisica y Meteorologia;2025-II;Observaciones Agrometeorologicas;2
Ciencias;Fisica y Meteorologia;2025-II;Participacion y Comunicacion en Gestion de Riesgos Climaticos;8
Ciencias;Fisica y Meteorologia;2025-II;Planeamiento Territorial para la Gestion de Riesgos de Desastres;7
Ciencias;Fisica y Meteorologia;2025-II;Seminario en Ingenieria Meteorologica y Gestion de Riesgos Climaticos I;12
Ciencias;Fisica y Meteorologia;2025-II;Seminario en Ingenieria Meteorologica y Gestion de Riesgos Climaticos II;8
Ciencias;Fisica y Meteorologia;2025-II;Seminario I;1
Ciencias;Fisica y Meteorologia;2025-II;Seminario II;4
Ciencias;Fisica y Meteorologia;2025-II;Sistema de Informacion Geografica;62
Ciencias;Fisica y Meteorologia;2025-II;Sistema de Informacion Geografica para la Gestion de Riesgos;8
Ciencias;Fisica y Meteorologia;2025-II;Tecnicas de Programacion I;65
Ciencias;Fisica y Meteorologia;2025-II;Tecnicas de Programacion II;10
Ciencias;Fisica y Meteorologia;2025-II;Tecnicas de Pronostico del Tiempo;7
Ciencias;Fisica y Meteorologia;2025-II;Tecnicas de Pronostico del Tiempon y Clima;7
Ciencias;Fisica y Meteorologia;2025-II;Tecnicas Estadisticas y Analisis de Datos Climaticos;6
Ciencias;Fisica y Meteorologia;2025-II;Teoria Instrumental y Metodos de Observacion;19
Ciencias;Fisica y Meteorologia;2025-II;Termodinamica de la Atmosfera;14
Ciencias;Fisica y Meteorologia;2025-II;Topicos Especiales en Gestion de Riesgos y Desastres;7
Ciencias;Ingenieria Ambiental;2025-II;Auditoria de Sistemas Integrados de Gestion;27
Ciencias;Ingenieria Ambiental;2025-II;Biorremediacion;29
Ciencias;Ingenieria Ambiental;2025-II;Ciudades Sostenibles;87
Ciencias;Ingenieria Ambiental;2025-II;Contaminacion Atmosferica;108
Ciencias;Ingenieria Ambiental;2025-II;Contaminacion de Aguas;35
Ciencias;Ingenieria Ambiental;2025-II;Educacion Ambiental;64
Ciencias;Ingenieria Ambiental;2025-II;Evaluacion de Impacto Ambiental;32
Ciencias;Ingenieria Ambiental;2025-II;Evaluacion y Manejo de Riesgos Naturales;12
Ciencias;Ingenieria Ambiental;2025-II;Geografia Fisica;80
Ciencias;Ingenieria Ambiental;2025-II;Geomatica Aplicada I;21
Ciencias;Ingenieria Ambiental;2025-II;Gestion de Proyectos Ambientales;40
Ciencias;Ingenieria Ambiental;2025-II;Gestion de Residuos Solidos;64
Ciencias;Ingenieria Ambiental;2025-II;Gestion de Seguridad y Salud Ocupacional;31
Ciencias;Ingenieria Ambiental;2025-II;Hidrologia e Hidrogeologia Ambiental;55
Ciencias;Ingenieria Ambiental;2025-II;Ingenieria de Aguas Residuales;66
Ciencias;Ingenieria Ambiental;2025-II;Introduccion a la Geomatica;34
Ciencias;Ingenieria Ambiental;2025-II;Introduccion a la Ingenieria Ambiental;34
Ciencias;Ingenieria Ambiental;2025-II;Mecanica de Fluidos e Hidraulica;62
Ciencias;Ingenieria Ambiental;2025-II;Microbiologia Ambiental;72
Ciencias;Ingenieria Ambiental;2025-II;Monitoreo y Control de la Contaminacion Atmosferica;15
Ciencias;Ingenieria Ambiental;2025-II;Planificacion Ambiental;31
Ciencias;Ingenieria Ambiental;2025-II;Procesos Industriales;130
Ciencias;Ingenieria Ambiental;2025-II;Seminario en Ingenieria Ambiental;1
Ciencias;Ingenieria Ambiental;2025-II;Seminario en Ingenieria Ambiental I;19
Ciencias;Ingenieria Ambiental;2025-II;Seminario en Ingenieria Ambiental II;26
Ciencias;Ingenieria Ambiental;2025-II;Sistemas de Gestion Ambiental;23
Ciencias;Ingenieria Ambiental;2025-II;Tratamiento y Abastecimiento de Agua;28
Ciencias;Matematica;2025-II;Algebra Matricial;59
Ciencias;Matematica;2025-II;Analisis Matematico I;1039
Ciencias;Matematica;2025-II;Analisis Matematico II;672
Ciencias;Matematica;2025-II;Analisis Matematico III;52
Ciencias;Matematica;2025-II;Analisis Matematico IV;45
Ciencias;Matematica;2025-II;Calculo Avanzado I;46
Ciencias;Matematica;2025-II;Calculo Avanzado II;37
Ciencias;Matematica;2025-II;Calculo Diferencial;20
Ciencias;Matematica;2025-II;Calculo Integral;37
Ciencias;Matematica;2025-II;Calculo para Ciencias;161
Ciencias;Matematica;2025-II;Ecuaciones Diferenciales;46
Ciencias;Matematica;2025-II;Geometria Descriptiva;181
Ciencias;Matematica;2025-II;Matematica Aplicada a la Ingenieria Ambiental I;73
Ciencias;Matematica;2025-II;Matematica Aplicada a la Ingenieria Ambiental II;13
Ciencias;Matematica;2025-II;Matematicas Discretas;53
Ciencias;Matematica;2025-II;Metodos Numericos de Modelizacion Matematica;7
Ciencias;Quimica;2025-II;Bioquimica;329
Ciencias;Quimica;2025-II;Bioquimica Pesquera;16
Ciencias;Quimica;2025-II;Cinetica Quimica y Enzimatica;20
Ciencias;Quimica;2025-II;Enzimologia;72
Ciencias;Quimica;2025-II;Fenomenos de Transferencia;14
Ciencias;Quimica;2025-II;Fisico Quimica I;28
Ciencias;Quimica;2025-II;Fisico Quimica II;23
Ciencias;Quimica;2025-II;Fisicoquimica General;49
Ciencias;Quimica;2025-II;Fitoquimica;24
Ciencias;Quimica;2025-II;Laboratorio de Bioquimica;108
Ciencias;Quimica;2025-II;Quimica Ambiental;106
Ciencias;Quimica;2025-II;Quimica Analitica;132
Ciencias;Quimica;2025-II;Quimica General;934
Ciencias;Quimica;2025-II;Quimica Organica;517
Ciencias;Quimica;2025-II;Topicos de Quimica Organica;52
Ciencias Forestales;Industrias Forestales;2025-II;Agentes Destructores de la Madera;14
Ciencias Forestales;Industrias Forestales;2025-II;Anatomia de la Madera;37
Ciencias Forestales;Industrias Forestales;2025-II;Aprovechamiento Forestal;77
Ciencias Forestales;Industrias Forestales;2025-II;Aserrado de la Madera;31
Ciencias Forestales;Industrias Forestales;2025-II;Construcciones con Madera;30
Ciencias Forestales;Industrias Forestales;2025-II;Control de Calidad de Productos Maderables;14
Ciencias Forestales;Industrias Forestales;2025-II;Diseño de Muebles;2
Ciencias Forestales;Industrias Forestales;2025-II;Economia Forestal;50
Ciencias Forestales;Industrias Forestales;2025-II;Fundamentos de Preservacion de la Madera;30
Ciencias Forestales;Industrias Forestales;2025-II;Fundamentos en el Secado de la Madera;30
Ciencias Forestales;Industrias Forestales;2025-II;Impacto Ambiental de la Industria Forestal;15
Ciencias Forestales;Industrias Forestales;2025-II;Maquinaria y Equipos Forestales;46
Ciencias Forestales;Industrias Forestales;2025-II;Planeamiento de Empresas Forestales;60
Ciencias Forestales;Industrias Forestales;2025-II;Productos de Transformacion Mecanica de la Madera;61
Ciencias Forestales;Industrias Forestales;2025-II;Productos Forestales Actualidad y Perspectiva;9
Ciencias Forestales;Industrias Forestales;2025-II;Productos Forestales Diferentes de la Madera;5
Ciencias Forestales;Industrias Forestales;2025-II;Propiedades Fisico - Mecanicas de la Madera;24
Ciencias Forestales;Industrias Forestales;2025-II;Quimica Forestal;26
Ciencias Forestales;Industrias Forestales;2025-II;Tecnologia Quimica de Productos Forestales;34
Ciencias Forestales;Industrias Forestales;2025-II;Uso de la Madera y Derivados en Construccion;5
Ciencias Forestales;Manejo Forestal;2025-II;Agroforesteria;5
Ciencias Forestales;Manejo Forestal;2025-II;Arboricultura Urbana y areas Verdes;9
Ciencias Forestales;Manejo Forestal;2025-II;areas Naturales Protegidas;21
Ciencias Forestales;Manejo Forestal;2025-II;Dendrologia Avanzada;4
Ciencias Forestales;Manejo Forestal;2025-II;Dendrologia I;94
Ciencias Forestales;Manejo Forestal;2025-II;Dendrologia II;32
Ciencias Forestales;Manejo Forestal;2025-II;Derecho y Gestion Ambiental y Forestal;10
Ciencias Forestales;Manejo Forestal;2025-II;Ecologia Forestal I;58
Ciencias Forestales;Manejo Forestal;2025-II;Ecologia Forestal II;64
Ciencias Forestales;Manejo Forestal;2025-II;Ecoturismo y Manejo de areas para Recreacion;26
Ciencias Forestales;Manejo Forestal;2025-II;Elementos de Silvicultura;30
Ciencias Forestales;Manejo Forestal;2025-II;Estadistica Forestal;62
Ciencias Forestales;Manejo Forestal;2025-II;Etnobotanica Forestal;13
Ciencias Forestales;Manejo Forestal;2025-II;Fauna Silvestre;32
Ciencias Forestales;Manejo Forestal;2025-II;Fauna Silvestre y Parques Nacionales;19
Ciencias Forestales;Manejo Forestal;2025-II;Hidrologia Forestal;8
Ciencias Forestales;Manejo Forestal;2025-II;Introduccion a la Ingenieria Forestal;68
Ciencias Forestales;Manejo Forestal;2025-II;Introduccion al Manejo de Fauna Silvestre;65
Ciencias Forestales;Manejo Forestal;2025-II;Inventarios Forestales;10
Ciencias Forestales;Manejo Forestal;2025-II;Manejo de Fauna Silvestre I;19
Ciencias Forestales;Manejo Forestal;2025-II;Manejo Forestal;27
Ciencias Forestales;Manejo Forestal;2025-II;Medicion Forestal;108
Ciencias Forestales;Manejo Forestal;2025-II;Mejoramiento Forestal;16
Ciencias Forestales;Manejo Forestal;2025-II;Ordenacion de Cuencas;28
Ciencias Forestales;Manejo Forestal;2025-II;Plantaciones Forestales y Revegetacion;7
Ciencias Forestales;Manejo Forestal;2025-II;Politica y Legislacion Forestal;10
Ciencias Forestales;Manejo Forestal;2025-II;Produccion Agropecuaria;66
Ciencias Forestales;Manejo Forestal;2025-II;Proteccion Forestal;22
Ciencias Forestales;Manejo Forestal;2025-II;Recursos Naturales del Peru;301
Ciencias Forestales;Manejo Forestal;2025-II;Seminario en Ingenieria Forestal I;30
Ciencias Forestales;Manejo Forestal;2025-II;Seminario en Ingenieria Forestal II;37
Ciencias Forestales;Manejo Forestal;2025-II;Sistemas Silviculturales Tropicales;29
Ciencias Forestales;Manejo Forestal;2025-II;Teledeteccion Forestal;34
Economia y Planificacion;Ciencias Humanas y Educacion;2025-II;etica;25
Economia y Planificacion;Ciencias Humanas y Educacion;2025-II;etica y Ciudadania;475
Economia y Planificacion;Ciencias Humanas y Educacion;2025-II;Historia Economica del Peru Contemporaneo;46
Economia y Planificacion;Ciencias Humanas y Educacion;2025-II;Lenguaje y Comunicacion;582
Economia y Planificacion;Ciencias Humanas y Educacion;2025-II;Proyecto Universitario Personalizado;26
Economia y Planificacion;Ciencias Humanas y Educacion;2025-II;Redaccion Tecnica;22
Economia y Planificacion;Ciencias Humanas y Educacion;2025-II;Redaccion y Argumentacion;715
Economia y Planificacion;Economia y Planificacion;2025-II;Desarrollo y Politica Agraria;36
Economia y Planificacion;Economia y Planificacion;2025-II;Econometria Basica;28
Economia y Planificacion;Economia y Planificacion;2025-II;Econometria Intermedia;47
Economia y Planificacion;Economia y Planificacion;2025-II;Economia Agraria;29
Economia y Planificacion;Economia y Planificacion;2025-II;Economia Ambiental;85
Economia y Planificacion;Economia y Planificacion;2025-II;Economia de la Informacion;20
Economia y Planificacion;Economia y Planificacion;2025-II;Economia de la Innovacion Agraria;30
Economia y Planificacion;Economia y Planificacion;2025-II;Economia de la Regulacion;16
Economia y Planificacion;Economia y Planificacion;2025-II;Economia de los Recursos Naturales;32
Economia y Planificacion;Economia y Planificacion;2025-II;Economia del Bienestar;41
Economia y Planificacion;Economia y Planificacion;2025-II;Economia Ecologica;21
Economia y Planificacion;Economia y Planificacion;2025-II;Economia General;728
Economia y Planificacion;Economia y Planificacion;2025-II;Economia Internacional;33
Economia y Planificacion;Economia y Planificacion;2025-II;Economia Regional;23
Economia y Planificacion;Economia y Planificacion;2025-II;El agro en el Peru y el mundo;71
Economia y Planificacion;Economia y Planificacion;2025-II;Evaluacion Social de Proyectos;11
Economia y Planificacion;Economia y Planificacion;2025-II;Finanzas Corporativas;21
Economia y Planificacion;Economia y Planificacion;2025-II;Finanzas de la Empresa;34
Economia y Planificacion;Economia y Planificacion;2025-II;Finanzas Publicas;28
Economia y Planificacion;Economia y Planificacion;2025-II;Formulacion y Evaluacion de Proyectos;19
Economia y Planificacion;Economia y Planificacion;2025-II;Investigacion de Mercados;29
Economia y Planificacion;Economia y Planificacion;2025-II;Investigacion de Operaciones;68
Economia y Planificacion;Economia y Planificacion;2025-II;Macroeconometria;21
Economia y Planificacion;Economia y Planificacion;2025-II;Macroeconomia Dinamica;33
Economia y Planificacion;Economia y Planificacion;2025-II;Macroeconomia I;50
Economia y Planificacion;Economia y Planificacion;2025-II;Macroeconomia II;43
Economia y Planificacion;Economia y Planificacion;2025-II;Matematica para Economistas I;35
Economia y Planificacion;Economia y Planificacion;2025-II;Matematica para Economistas II;34
Economia y Planificacion;Economia y Planificacion;2025-II;Matematicas Financieras;77
Economia y Planificacion;Economia y Planificacion;2025-II;Mercadeo Agrario;25
Economia y Planificacion;Economia y Planificacion;2025-II;Mercado de Capitales;13
Economia y Planificacion;Economia y Planificacion;2025-II;Metodologia de Investigacion en Economia I;24
Economia y Planificacion;Economia y Planificacion;2025-II;Metodologia de Investigacion en Economia II;36
Economia y Planificacion;Economia y Planificacion;2025-II;Microeconomia I;49
Economia y Planificacion;Economia y Planificacion;2025-II;Microeconomia II;28
Economia y Planificacion;Economia y Planificacion;2025-II;Negociaciones Internacionales;4
Economia y Planificacion;Economia y Planificacion;2025-II;Organizacion Industrial;22
Economia y Planificacion;Economia y Planificacion;2025-II;Politica Economica;16
Economia y Planificacion;Economia y Planificacion;2025-II;Riesgos Financieros;10
Economia y Planificacion;Economia y Planificacion;2025-II;Seminario d Tesis;12
Economia y Planificacion;Economia y Planificacion;2025-II;Seminario de Investigacion I;25
Economia y Planificacion;Economia y Planificacion;2025-II;Seminario de Investigacion II;12
Economia y Planificacion;Economia y Planificacion;2025-II;Teoria del Crecimiento Economico;28
Economia y Planificacion;Economia y Planificacion;2025-II;Teoria Monetaria;28
Economia y Planificacion;Economia y Planificacion;2025-II;Teorias del Desarrollo Economico;23
Economia y Planificacion;Economia y Planificacion;2025-II;Valoracion de la Calidad Ambiental;17
Economia y Planificacion;Estadistica e Informatica;2025-II;Algoritmia;30
Economia y Planificacion;Estadistica e Informatica;2025-II;Analisis de Regresion;27
Economia y Planificacion;Estadistica e Informatica;2025-II;Analisis de Series de Tiempo;28
Economia y Planificacion;Estadistica e Informatica;2025-II;Analisis de Sobrevivencia y Confiabilidad;14
Economia y Planificacion;Estadistica e Informatica;2025-II;Analisis Estadistico;40
Economia y Planificacion;Estadistica e Informatica;2025-II;Calculo de Probabilidades;30
Economia y Planificacion;Estadistica e Informatica;2025-II;Ciencias de Datos I;22
Economia y Planificacion;Estadistica e Informatica;2025-II;Ciencias de Datos II;28
Economia y Planificacion;Estadistica e Informatica;2025-II;Diseños Experimentales I;34
Economia y Planificacion;Estadistica e Informatica;2025-II;Diseños Experimentales II;53
Economia y Planificacion;Estadistica e Informatica;2025-II;Estadistica Aplicada a la Economia y los Negocios I;81
Economia y Planificacion;Estadistica e Informatica;2025-II;Estadistica Aplicada a la Economia y los Negocios II;31
Economia y Planificacion;Estadistica e Informatica;2025-II;Estadistica Bayesiana;23
Economia y Planificacion;Estadistica e Informatica;2025-II;Estadistica Computacional;31
Economia y Planificacion;Estadistica e Informatica;2025-II;Estadistica Espacial;23
Economia y Planificacion;Estadistica e Informatica;2025-II;Estadistica General;427
Economia y Planificacion;Estadistica e Informatica;2025-II;Estadistica no Parametrica;29
Economia y Planificacion;Estadistica e Informatica;2025-II;Estrategias de Muestreo;30
Economia y Planificacion;Estadistica e Informatica;2025-II;Gestion de Proyectos de Informacion;28
Economia y Planificacion;Estadistica e Informatica;2025-II;Gestion Estrategica de Datos;15
Economia y Planificacion;Estadistica e Informatica;2025-II;Herramientas de Gestion Empresarial;53
Economia y Planificacion;Estadistica e Informatica;2025-II;Inferencia Estadistica;33
Economia y Planificacion;Estadistica e Informatica;2025-II;Ingenieria de Procesos;34
Economia y Planificacion;Estadistica e Informatica;2025-II;Introduccion a la Ciencia de Datos;45
Economia y Planificacion;Estadistica e Informatica;2025-II;Investigacion de Mercados;31
Economia y Planificacion;Estadistica e Informatica;2025-II;Lenguaje de Programacion I;62
Economia y Planificacion;Estadistica e Informatica;2025-II;Lenguaje de Programacion II;35
Economia y Planificacion;Estadistica e Informatica;2025-II;Lenguaje de Programacion III;56
Economia y Planificacion;Estadistica e Informatica;2025-II;Maquinas de Aprendizaje;27
Economia y Planificacion;Estadistica e Informatica;2025-II;Marketing;46
Economia y Planificacion;Estadistica e Informatica;2025-II;Metodos Bayesianos;9
Economia y Planificacion;Estadistica e Informatica;2025-II;Metodos de Optimizacion;30
Economia y Planificacion;Estadistica e Informatica;2025-II;Metodos de Procesos Estocasticos;6
Economia y Planificacion;Estadistica e Informatica;2025-II;Metodos Estadisticos para la Investigacion I;160
Economia y Planificacion;Estadistica e Informatica;2025-II;Modelos Lineales I;24
Economia y Planificacion;Estadistica e Informatica;2025-II;Modelos Lineales II;16
Economia y Planificacion;Estadistica e Informatica;2025-II;Principios de Finanzas;22
Economia y Planificacion;Estadistica e Informatica;2025-II;Seminario en Estadistica Informatica I;30
Economia y Planificacion;Estadistica e Informatica;2025-II;Seminario en Estadistica Informatica II;38
Economia y Planificacion;Estadistica e Informatica;2025-II;Seminario en Estadistica Informatica III;23
Economia y Planificacion;Estadistica e Informatica;2025-II;Sistemas de Gestion de Base de Datos I;30
Economia y Planificacion;Estadistica e Informatica;2025-II;Sistemas de Gestion de Base de Datos II;35
Economia y Planificacion;Estadistica e Informatica;2025-II;Sistemas de Informacion Gerencial;28
Economia y Planificacion;Estadistica e Informatica;2025-II;Tecnicas de Analisis de Series de Tiempo;9
Economia y Planificacion;Estadistica e Informatica;2025-II;Tecnicas de Exploracion de Datos;28
Economia y Planificacion;Estadistica e Informatica;2025-II;Tecnicas Multivariadas;33
Economia y Planificacion;Estadistica e Informatica;2025-II;Tecnologias Emergentes;25
Economia y Planificacion;Gestion Empresarial;2025-II;Administracion General;293
Economia y Planificacion;Gestion Empresarial;2025-II;Administracion por Objetivos;1
Economia y Planificacion;Gestion Empresarial;2025-II;Branding;23
Economia y Planificacion;Gestion Empresarial;2025-II;Certificacion de Calidad;18
Economia y Planificacion;Gestion Empresarial;2025-II;Comercio Exterior;39
Economia y Planificacion;Gestion Empresarial;2025-II;Comportamiento del Consumidor;44
Economia y Planificacion;Gestion Empresarial;2025-II;Comportamiento y Cultura de las Organizaciones;54
Economia y Planificacion;Gestion Empresarial;2025-II;Contabilidad General;136
Economia y Planificacion;Gestion Empresarial;2025-II;Contabilidad Gerencial y de Costos;95
Economia y Planificacion;Gestion Empresarial;2025-II;Derecho Empresarial;46
Economia y Planificacion;Gestion Empresarial;2025-II;Desarrollo Empresarial;89
Economia y Planificacion;Gestion Empresarial;2025-II;Dibujo de Ingenieria;45
Economia y Planificacion;Gestion Empresarial;2025-II;Emprendedurismo;23
Economia y Planificacion;Gestion Empresarial;2025-II;Estadistica Aplicada a la Ingenieria y los Negocios II;1
Economia y Planificacion;Gestion Empresarial;2025-II;Finanzas I;50
Economia y Planificacion;Gestion Empresarial;2025-II;Finanzas II;22
Economia y Planificacion;Gestion Empresarial;2025-II;Formulacion y Evaluacion de Proyectos;47
Economia y Planificacion;Gestion Empresarial;2025-II;Gerencia de Operaciones;31
Economia y Planificacion;Gestion Empresarial;2025-II;Gerencia de Proyectos;34
Economia y Planificacion;Gestion Empresarial;2025-II;Gerencia de Ventas;50
Economia y Planificacion;Gestion Empresarial;2025-II;Gestion de Agronegocios;28
Economia y Planificacion;Gestion Empresarial;2025-II;Gestion de Cadenas Agroalimentarias;22
Economia y Planificacion;Gestion Empresarial;2025-II;Gestion de la Innovacion;33
Economia y Planificacion;Gestion Empresarial;2025-II;Gestion de Servicios;32
Economia y Planificacion;Gestion Empresarial;2025-II;Gestion del Conocimiento;9
Economia y Planificacion;Gestion Empresarial;2025-II;Gestion del Talento;45
Economia y Planificacion;Gestion Empresarial;2025-II;Gestion y Aseguramiento de la Calidad;26
Economia y Planificacion;Gestion Empresarial;2025-II;Habilidades Blandas;55
Economia y Planificacion;Gestion Empresarial;2025-II;Historia de la Tecnologia;24
Economia y Planificacion;Gestion Empresarial;2025-II;Ingenieria de Metodos;48
Economia y Planificacion;Gestion Empresarial;2025-II;Introduccion a la Ingenieria en Gestion Empresarial;105
Economia y Planificacion;Gestion Empresarial;2025-II;Investigacion Cientifica en Gestion Empresarial;39
Economia y Planificacion;Gestion Empresarial;2025-II;Investigacion e inteligencia de Mercados;59
Economia y Planificacion;Gestion Empresarial;2025-II;Liderazgo;43
Economia y Planificacion;Gestion Empresarial;2025-II;Logistica y Gestion de la Cadena de Suministros;44
Economia y Planificacion;Gestion Empresarial;2025-II;Marketing;62
Economia y Planificacion;Gestion Empresarial;2025-II;Marketing Electronico;17
Economia y Planificacion;Gestion Empresarial;2025-II;Negociaciones Internacionales;38
Economia y Planificacion;Gestion Empresarial;2025-II;Operaciones Bancarias;17
Economia y Planificacion;Gestion Empresarial;2025-II;Organizacion y Metodos;48
Economia y Planificacion;Gestion Empresarial;2025-II;Planeamiento Estrategico;69
Economia y Planificacion;Gestion Empresarial;2025-II;Planeamiento y Direccion Estrategica;47
Economia y Planificacion;Gestion Empresarial;2025-II;Seminario de Tesis;23
Economia y Planificacion;Gestion Empresarial;2025-II;Seminario en Ingenieria en Gestion Empresarial I;40
Economia y Planificacion;Gestion Empresarial;2025-II;Seminario en Ingenieria en Gestion Empresarial II;25
Economia y Planificacion;Gestion Empresarial;2025-II;Sistemas de Informacion Gerencial;44
Economia y Planificacion;Gestion Empresarial;2025-II;Taller de Coaching;37
Economia y Planificacion;Gestion Empresarial;2025-II;Tecnologia Agropecuaria;42
Economia y Planificacion;Gestion Empresarial;2025-II;Tecnologia de Agronegocios;37
Economia y Planificacion;Sociologia Rural;2025-II;Ambiente y Sociedad;40
Economia y Planificacion;Sociologia Rural;2025-II;Antropologia Rural y Amazonica;56
Economia y Planificacion;Sociologia Rural;2025-II;Derecho y Legislacion Ambiental;38
Economia y Planificacion;Sociologia Rural;2025-II;Metodologia de la Investigacion;444
Economia y Planificacion;Sociologia Rural;2025-II;Metodologia para la Investigacion e Innovacion;8
Economia y Planificacion;Sociologia Rural;2025-II;Peru en el Contexto Internacional;586
Economia y Planificacion;Sociologia Rural;2025-II;Sociedad y Cultura Peruana;607
Estudios Generales;Estudios Generales;2025-II;Trabajo de investigacion;426
Industrias Alimentarias;I.A.P.A.;2025-II;Administracion;49
Industrias Alimentarias;I.A.P.A.;2025-II;Agronegocios;64
Industrias Alimentarias;I.A.P.A.;2025-II;Alimentacion y Nutricion Humana;50
Industrias Alimentarias;I.A.P.A.;2025-II;Alimentos Funcionales y Nutraceuticos;7
Industrias Alimentarias;I.A.P.A.;2025-II;Analisis de Alimentos;123
Industrias Alimentarias;I.A.P.A.;2025-II;Contabilidad y Finanzas;50
Industrias Alimentarias;I.A.P.A.;2025-II;Control de Calidad e Inocuidad de Alimentos;99
Industrias Alimentarias;I.A.P.A.;2025-II;Diseño en Ingenieria;50
Industrias Alimentarias;I.A.P.A.;2025-II;Envases y Embalajes de Alimentos;32
Industrias Alimentarias;I.A.P.A.;2025-II;Evaluacion Sensorial de Alimentos;40
Industrias Alimentarias;I.A.P.A.;2025-II;Fisicoquimica de Alimentos;43
Industrias Alimentarias;I.A.P.A.;2025-II;Fundamentos de Control y Automatizacion;20
Industrias Alimentarias;I.A.P.A.;2025-II;Gestion Ambiental en la Industria Alimentaria;38
Industrias Alimentarias;I.A.P.A.;2025-II;Ingenieria de Alimentos I;82
Industrias Alimentarias;I.A.P.A.;2025-II;Ingenieria de Alimentos II;126
Industrias Alimentarias;I.A.P.A.;2025-II;Ingenieria de la Produccion;58
Industrias Alimentarias;I.A.P.A.;2025-II;Ingenieria de Proyecto;41
Industrias Alimentarias;I.A.P.A.;2025-II;Ingenieria del Frio;95
Industrias Alimentarias;I.A.P.A.;2025-II;Maquinaria para la Industria Alimentaria;105
Industrias Alimentarias;I.A.P.A.;2025-II;Mecanica de Fluidos;80
Industrias Alimentarias;I.A.P.A.;2025-II;Metodos Estadisticos en Ingenieria;56
Industrias Alimentarias;I.A.P.A.;2025-II;Microbiologia de Alimentos;96
Industrias Alimentarias;I.A.P.A.;2025-II;Quimica de Alimentos;83
Industrias Alimentarias;I.A.P.A.;2025-II;Reologia;106
Industrias Alimentarias;I.A.P.A.;2025-II;Sistemas Integrados de Gestion;48
Industrias Alimentarias;I.A.P.A.;2025-II;Taller de Ingenieria de Proyecto;42
Industrias Alimentarias;I.A.P.A.;2025-II;Termodinamica General;91
Industrias Alimentarias;I.A.P.A.;2025-II;Transferencia de Calor y Masa;30
Industrias Alimentarias;I.A.P.A.;2025-II;Tratamiento de Residuos Solidos y Liquidos;36
Industrias Alimentarias;T.A.P.A.;2025-II;Fermentaciones Industriales;70
Industrias Alimentarias;T.A.P.A.;2025-II;Industrias Carnicas;10
Industrias Alimentarias;T.A.P.A.;2025-II;Industrias Lacteas;11
Industrias Alimentarias;T.A.P.A.;2025-II;Introduccion a la Industria Alimentaria;54
Industrias Alimentarias;T.A.P.A.;2025-II;Seminario en Industrias Alimentarias I;37
Industrias Alimentarias;T.A.P.A.;2025-II;Seminario en Industrias Alimentarias II;19
Industrias Alimentarias;T.A.P.A.;2025-II;Taller de Emprendimiento;17
Industrias Alimentarias;T.A.P.A.;2025-II;Tecnologia de Aceites y Grasas;20
Industrias Alimentarias;T.A.P.A.;2025-II;Tecnologia de Alcoholes y Derivados;20
Industrias Alimentarias;T.A.P.A.;2025-II;Tecnologia de Alimentos Pecuarios;66
Industrias Alimentarias;T.A.P.A.;2025-II;Tecnologia de Azucar y Derivados;25
Industrias Alimentarias;T.A.P.A.;2025-II;Tecnologia de Frutas y Hortalizas;48
Industrias Alimentarias;T.A.P.A.;2025-II;Tecnologia de Leguminosas y Cereales;8
Industrias Alimentarias;T.A.P.A.;2025-II;Tecnologia Poscosecha;80
Industrias Alimentarias;T.A.P.A.;2025-II;Tecnologias de Conservacion;76
Industrias Alimentarias;T.A.P.A.;2025-II;Tecnologias de Extraccion;74
Ingenieria Agricola;Mecanizacion y Energia;2025-II;Administracion de Maquinaria;32
Ingenieria Agricola;Mecanizacion y Energia;2025-II;Analisis de Maquinas y Mecanismos;23
Ingenieria Agricola;Mecanizacion y Energia;2025-II;Circuitos Electricos y Motores;43
Ingenieria Agricola;Mecanizacion y Energia;2025-II;Circuitos y Maquinas Electricas;80
Ingenieria Agricola;Mecanizacion y Energia;2025-II;Elementos de Maquinas;44
Ingenieria Agricola;Mecanizacion y Energia;2025-II;Fisica para la Ingenieria;80
Ingenieria Agricola;Mecanizacion y Energia;2025-II;Ingenieria y Responsabilidad Social;20
Ingenieria Agricola;Mecanizacion y Energia;2025-II;Instrumentacion Electronica;16
Ingenieria Agricola;Mecanizacion y Energia;2025-II;Mantenimiento de Maquinaria;19
Ingenieria Agricola;Mecanizacion y Energia;2025-II;Maquinaria Agricola;34
Ingenieria Agricola;Mecanizacion y Energia;2025-II;Maquinaria para Obras;25
Ingenieria Agricola;Mecanizacion y Energia;2025-II;Mecanica Vectorial II;23
Ingenieria Agricola;Mecanizacion y Energia;2025-II;Mecanizacion Agricola I;110
Ingenieria Agricola;Mecanizacion y Energia;2025-II;Motores y Tractores;29
Ingenieria Agricola;Mecanizacion y Energia;2025-II;Seminario de Tesis I;25
Ingenieria Agricola;Mecanizacion y Energia;2025-II;Termodinamica;43
Ingenieria Agricola;Ordenamiento Territorial y Construccion;2025-II;Abastecimiento de Agua y Alcantarillado;22
Ingenieria Agricola;Ordenamiento Territorial y Construccion;2025-II;Analisis Estructural I;25
Ingenieria Agricola;Ordenamiento Territorial y Construccion;2025-II;Analisis Matematico III;57
Ingenieria Agricola;Ordenamiento Territorial y Construccion;2025-II;Analisis Matematico IV;28
Ingenieria Agricola;Ordenamiento Territorial y Construccion;2025-II;Arquitectura del Paisaje I;6
Ingenieria Agricola;Ordenamiento Territorial y Construccion;2025-II;Cambio Climatico y Pago por Servicios Ecosistemicos;14
Ingenieria Agricola;Ordenamiento Territorial y Construccion;2025-II;Concreto Reforzado;72
Ingenieria Agricola;Ordenamiento Territorial y Construccion;2025-II;Dibujo Avanzado en Ingenieria;46
Ingenieria Agricola;Ordenamiento Territorial y Construccion;2025-II;Dibujo en Ingenieria;47
Ingenieria Agricola;Ordenamiento Territorial y Construccion;2025-II;Dibujo General;165
Ingenieria Agricola;Ordenamiento Territorial y Construccion;2025-II;Diseño Rural;74
Ingenieria Agricola;Ordenamiento Territorial y Construccion;2025-II;Diseño y Construccion de Invernaderos;4
Ingenieria Agricola;Ordenamiento Territorial y Construccion;2025-II;Energias Renovables;39
Ingenieria Agricola;Ordenamiento Territorial y Construccion;2025-II;Evaluacion y Monitoreo Ambiental en Proyectos de Ingenieria;15
Ingenieria Agricola;Ordenamiento Territorial y Construccion;2025-II;Geologia y Geotecnia;66
Ingenieria Agricola;Ordenamiento Territorial y Construccion;2025-II;Introduccion a las Soluciones basadas en la Naturaleza;8
Ingenieria Agricola;Ordenamiento Territorial y Construccion;2025-II;Materiales de Construccion;44
Ingenieria Agricola;Ordenamiento Territorial y Construccion;2025-II;Mecanica de Suelos;27
Ingenieria Agricola;Ordenamiento Territorial y Construccion;2025-II;Mecanica Vectorial I;36
Ingenieria Agricola;Ordenamiento Territorial y Construccion;2025-II;Ordenamiento Territorial;43
Ingenieria Agricola;Ordenamiento Territorial y Construccion;2025-II;Programacion y Supervision de Obras;17
Ingenieria Agricola;Ordenamiento Territorial y Construccion;2025-II;Proyectos de Inversion;35
Ingenieria Agricola;Ordenamiento Territorial y Construccion;2025-II;Redes Domiciliarias y Manejo de Agua Residual;4
Ingenieria Agricola;Ordenamiento Territorial y Construccion;2025-II;Resistencia de Materiales;27
Ingenieria Agricola;Ordenamiento Territorial y Construccion;2025-II;Tecnica de la Construccion;50
Ingenieria Agricola;Ordenamiento Territorial y Construccion;2025-II;Vivienda Rural;22
Ingenieria Agricola;Ordenamiento Territorial y Desarrollo Sostenible;2025-II;Quimica para la Ingenieria;46
Ingenieria Agricola;Recursos Hidricos;2025-II;Agricultura de precision;10
Ingenieria Agricola;Recursos Hidricos;2025-II;Control de la Erosion;25
Ingenieria Agricola;Recursos Hidricos;2025-II;Diseño de Presas;17
Ingenieria Agricola;Recursos Hidricos;2025-II;Edafologia y Agrotecnia;56
Ingenieria Agricola;Recursos Hidricos;2025-II;Estructuras Hidraulicas I;38
Ingenieria Agricola;Recursos Hidricos;2025-II;Estructuras Hidraulicas II;19
Ingenieria Agricola;Recursos Hidricos;2025-II;Fundamentos de la Ingenieria Ambiental;43
Ingenieria Agricola;Recursos Hidricos;2025-II;Geomatica;36
Ingenieria Agricola;Recursos Hidricos;2025-II;Gestion Integrada de Recursos Hidricos;39
Ingenieria Agricola;Recursos Hidricos;2025-II;Hidraulica;30
Ingenieria Agricola;Recursos Hidricos;2025-II;Hidraulica Fluvial;25
Ingenieria Agricola;Recursos Hidricos;2025-II;Hidrogeologia;33
Ingenieria Agricola;Recursos Hidricos;2025-II;Hidrologia;27
Ingenieria Agricola;Recursos Hidricos;2025-II;Hidrologia y Drenaje Urbano y Vial;6
Ingenieria Agricola;Recursos Hidricos;2025-II;Ingenieria de Drenaje;7
Ingenieria Agricola;Recursos Hidricos;2025-II;Ingenieria de Riegos I;49
Ingenieria Agricola;Recursos Hidricos;2025-II;Ingenieria de Riegos II;29
Ingenieria Agricola;Recursos Hidricos;2025-II;Ingenieria de Sistemas;2
Ingenieria Agricola;Recursos Hidricos;2025-II;Manejo y Gestion de Cuencas;8
Ingenieria Agricola;Recursos Hidricos;2025-II;Mecanica de Fluidos;23
Ingenieria Agricola;Recursos Hidricos;2025-II;Metodos Numericos en Ingenieria;23
Ingenieria Agricola;Recursos Hidricos;2025-II;Modelos Hidraulicos;10
Ingenieria Agricola;Recursos Hidricos;2025-II;Salinidad y Recuperacion de Tierras;3
Ingenieria Agricola;Recursos Hidricos;2025-II;Seminario de Tesis II;21
Ingenieria Agricola;Recursos Hidricos;2025-II;Topografia I;126
Ingenieria Agricola;Recursos Hidricos;2025-II;Topografia y Geodesia I;28
Ingenieria Agricola;Recursos Hidricos;2025-II;Topografia y Geodesia II;35
Ingenieria Agricola;Recursos Hidricos;2025-II;Topografia y Geodesia III;12
Oficina de Bienestar Estudiantil;Actividades Culturales;2025-II;Artes Plasticas y Creatividad;40
Oficina de Bienestar Estudiantil;Actividades Culturales;2025-II;Banda Unalm;75
Oficina de Bienestar Estudiantil;Actividades Culturales;2025-II;Capoeira;43
Oficina de Bienestar Estudiantil;Actividades Culturales;2025-II;Danza de Costa;21
Oficina de Bienestar Estudiantil;Actividades Culturales;2025-II;Danzas Folcloricas;117
Oficina de Bienestar Estudiantil;Actividades Culturales;2025-II;Dibujo y Pintura;41
Oficina de Bienestar Estudiantil;Actividades Culturales;2025-II;Fotografia;42
Oficina de Bienestar Estudiantil;Actividades Culturales;2025-II;Guitarra;46
Oficina de Bienestar Estudiantil;Actividades Culturales;2025-II;Marinera Norteña;35
Oficina de Bienestar Estudiantil;Actividades Culturales;2025-II;Musica y Canto Coral;21
Oficina de Bienestar Estudiantil;Actividades Culturales;2025-II;Oratoria;25
Oficina de Bienestar Estudiantil;Actividades Culturales;2025-II;Teatro;55
Oficina de Bienestar Estudiantil;Educacion Fisica y Deportes;2025-II;Aerobicos;51
Oficina de Bienestar Estudiantil;Educacion Fisica y Deportes;2025-II;Aikido;23
Oficina de Bienestar Estudiantil;Educacion Fisica y Deportes;2025-II;Ajedrez;45
Oficina de Bienestar Estudiantil;Educacion Fisica y Deportes;2025-II;Basquet;29
Oficina de Bienestar Estudiantil;Educacion Fisica y Deportes;2025-II;Beisbol;26
Oficina de Bienestar Estudiantil;Educacion Fisica y Deportes;2025-II;Ciclismo;62
Oficina de Bienestar Estudiantil;Educacion Fisica y Deportes;2025-II;Futbol;33
Oficina de Bienestar Estudiantil;Educacion Fisica y Deportes;2025-II;Futsal Femenino;23
Oficina de Bienestar Estudiantil;Educacion Fisica y Deportes;2025-II;Handball;52
Oficina de Bienestar Estudiantil;Educacion Fisica y Deportes;2025-II;Judo;20
Oficina de Bienestar Estudiantil;Educacion Fisica y Deportes;2025-II;Karate;38
Oficina de Bienestar Estudiantil;Educacion Fisica y Deportes;2025-II;Taekwondo;55
Oficina de Bienestar Estudiantil;Educacion Fisica y Deportes;2025-II;Tenis de Mesa;29
Oficina de Bienestar Estudiantil;Educacion Fisica y Deportes;2025-II;Tiro con Arco;29
Oficina de Bienestar Estudiantil;Educacion Fisica y Deportes;2025-II;Voley;27
Pesqueria;Acuicultura e Industrias Pesqueras;2025-II;Acuicultura I;22
Pesqueria;Acuicultura e Industrias Pesqueras;2025-II;Acuicultura II;21
Pesqueria;Acuicultura e Industrias Pesqueras;2025-II;Conservacion de Productos Hidrobiologicos;11
Pesqueria;Acuicultura e Industrias Pesqueras;2025-II;Construcciones Pesqueras;78
Pesqueria;Acuicultura e Industrias Pesqueras;2025-II;Cultivo de Especies Amazonicas;4
Pesqueria;Acuicultura e Industrias Pesqueras;2025-II;Cultivo de Especies de Aguas Frias;4
Pesqueria;Acuicultura e Industrias Pesqueras;2025-II;Cultivos Marinos;14
Pesqueria;Acuicultura e Industrias Pesqueras;2025-II;Elementos de Maquinarias Pesqueras;9
Pesqueria;Acuicultura e Industrias Pesqueras;2025-II;Fundamentos de Termodinamica;34
Pesqueria;Acuicultura e Industrias Pesqueras;2025-II;Ingenieria de Procesos Pesqueros;11
Pesqueria;Acuicultura e Industrias Pesqueras;2025-II;Microbiologia Pesquera;12
Pesqueria;Acuicultura e Industrias Pesqueras;2025-II;Nutricion y Alimentacion de Organismos Acuaticos;17
Pesqueria;Acuicultura e Industrias Pesqueras;2025-II;Operaciones Unitarias Pesqueras I;34
Pesqueria;Acuicultura e Industrias Pesqueras;2025-II;Operaciones Unitarias Pesqueras II;32
Pesqueria;Acuicultura e Industrias Pesqueras;2025-II;Procesamiento de Aceite y Harina de Pescado;20
Pesqueria;Acuicultura e Industrias Pesqueras;2025-II;Procesamiento de Enlatado de Recursos Hidrobiologicos;19
Pesqueria;Acuicultura e Industrias Pesqueras;2025-II;Procesamiento de Productos Curados;18
Pesqueria;Acuicultura e Industrias Pesqueras;2025-II;Quimica de Recursos Hidrobiologicos;23
Pesqueria;Acuicultura e Industrias Pesqueras;2025-II;Refrigeracion en la Industria Pesquera;12
Pesqueria;Acuicultura e Industrias Pesqueras;2025-II;Refrigeracion y Congelacion de Recursos Hidrobiologicos;14
Pesqueria;Acuicultura e Industrias Pesqueras;2025-II;Reproduccion y Genetica de Organismos Acuaticos;54
Pesqueria;Acuicultura e Industrias Pesqueras;2025-II;Seminario II;15
Pesqueria;Acuicultura e Industrias Pesqueras;2025-II;Sistema de Calidad en Pesqueria;25
Pesqueria;Acuicultura e Industrias Pesqueras;2025-II;Surimi y sus Productos Derivados;8
Pesqueria;Acuicultura e Industrias Pesqueras;2025-II;Tecnologia Forestal y Pesquera;2
Pesqueria;Acuicultura e Industrias Pesqueras;2025-II;Tecnologias para el Procesamiento Recursos Hidrobiologicos;5
Pesqueria;Manejo Pesquero y Medio Ambiente;2025-II;Comercializacion de Productos Hidrobiologicos;18
Pesqueria;Manejo Pesquero y Medio Ambiente;2025-II;Contaminacion de Ambientes Acuaticos;22
Pesqueria;Manejo Pesquero y Medio Ambiente;2025-II;Ecologia Acuatica;6
Pesqueria;Manejo Pesquero y Medio Ambiente;2025-II;Economia Pesquera;8
Pesqueria;Manejo Pesquero y Medio Ambiente;2025-II;Embarcaciones Pesqueras I;17
Pesqueria;Manejo Pesquero y Medio Ambiente;2025-II;Embarcaciones Pesqueras II;14
Pesqueria;Manejo Pesquero y Medio Ambiente;2025-II;Estudio de Impacto Ambiental en Ambientes Acuaticos;4
Pesqueria;Manejo Pesquero y Medio Ambiente;2025-II;Evaluacion Acustica Pesquera;5
Pesqueria;Manejo Pesquero y Medio Ambiente;2025-II;Evaluacion de Recursos Hidrobiologicos;20
Pesqueria;Manejo Pesquero y Medio Ambiente;2025-II;Evaluacion y Manejo de Recursos Bentonicos;1
Pesqueria;Manejo Pesquero y Medio Ambiente;2025-II;Instrumentacion Pesquera;13
Pesqueria;Manejo Pesquero y Medio Ambiente;2025-II;Limnologia;15
Pesqueria;Manejo Pesquero y Medio Ambiente;2025-II;Materiales, Metodos y Artes de Pesca;19
Pesqueria;Manejo Pesquero y Medio Ambiente;2025-II;Navegacion y Seguridad a Bordo;13
Pesqueria;Manejo Pesquero y Medio Ambiente;2025-II;Oceanografia General;5
Pesqueria;Manejo Pesquero y Medio Ambiente;2025-II;Parasitologia de Peces y Moluscos;9
Pesqueria;Manejo Pesquero y Medio Ambiente;2025-II;Pesca Maritima y Continental;34
Pesqueria;Manejo Pesquero y Medio Ambiente;2025-II;Planificacion y Gestion Pesquera;1
Pesqueria;Manejo Pesquero y Medio Ambiente;2025-II;Realidad y Perspectivas de la Pesqueria en el Peru;216
Pesqueria;Manejo Pesquero y Medio Ambiente;2025-II;Recursos Hidrobiologicos;63
Pesqueria;Manejo Pesquero y Medio Ambiente;2025-II;Sanidad Acuicola;18
Pesqueria;Manejo Pesquero y Medio Ambiente;2025-II;Seminario I;31
Zootecnia;Nutricion;2025-II;Alimentacion de no Rumiantes;54
Zootecnia;Nutricion;2025-II;Alimentacion de Rumiantes;96
Zootecnia;Nutricion;2025-II;Alimentos Funcionales en Nutricion Animal y Humana;24
Zootecnia;Nutricion;2025-II;Anatomia de los Animales de Granja;114
Zootecnia;Nutricion;2025-II;Bases de Cirugia Experimental;13
Zootecnia;Nutricion;2025-II;Bioquimica para la Ciencia Animal;56
Zootecnia;Nutricion;2025-II;Conceptos y Retos Actuales de la Seguridad Alimentaria Mundial;7
Zootecnia;Nutricion;2025-II;Enfermedades Infecciosas;26
Zootecnia;Nutricion;2025-II;Enfermedades Parasitarias;23
Zootecnia;Nutricion;2025-II;Etologia, Bienestar y Bioetica Animal;42
Zootecnia;Nutricion;2025-II;Farmacologia;20
Zootecnia;Nutricion;2025-II;Fisiologia de los Animales de Granja;60
Zootecnia;Nutricion;2025-II;Microbiologia para la Ciencia Animal;29
Zootecnia;Nutricion;2025-II;Nutricion Animal;66
Zootecnia;Nutricion;2025-II;Nutricion II;10
Zootecnia;Nutricion;2025-II;Nutricion Molecular;24
Zootecnia;Nutricion;2025-II;Nutricion y Alimentacion de Animales al Pastoreo;74
Zootecnia;Nutricion;2025-II;Nutricion y Alimentacion de Monogastricos;1
Zootecnia;Nutricion;2025-II;Nutricion y Alimentacion de Vacunos;8
Zootecnia;Nutricion;2025-II;Nutricion y Bienestar de los Animales Domesticos;23
Zootecnia;Nutricion;2025-II;Nutricion, Ambiente y Manejo de Residuos Pecuarios;10
Zootecnia;Nutricion;2025-II;Patologia Animal;28
Zootecnia;Nutricion;2025-II;Tecnologia de Alimentos Balanceados;5
Zootecnia;Produccion Animal;2025-II;Administracion Ganadera;44
Zootecnia;Produccion Animal;2025-II;Diseño de Instalaciones Pecuarias;54
Zootecnia;Produccion Animal;2025-II;Ecologia y Manejo de Forrajes Tropicales en Ganaderia;33
Zootecnia;Produccion Animal;2025-II;Empresariado y Planeamiento en Ganaderia;16
Zootecnia;Produccion Animal;2025-II;Evaluacion del Impacto Ambiental en Ganaderia;80
Zootecnia;Produccion Animal;2025-II;Extension Pecuaria y Desarrollo Rural;105
Zootecnia;Produccion Animal;2025-II;Fisiologia de la Reproduccion;3
Zootecnia;Produccion Animal;2025-II;Formulacion y Evaluacion de Proyectos Agropecuarios;22
Zootecnia;Produccion Animal;2025-II;Ganaderia de Precision;4
Zootecnia;Produccion Animal;2025-II;Ganaderia Organica;26
Zootecnia;Produccion Animal;2025-II;Genetica Animal;22
Zootecnia;Produccion Animal;2025-II;Genetica Molecular en la Ciencia Animal;14
Zootecnia;Produccion Animal;2025-II;Gestion de la Produccion de Camelidos Sudamericanos;30
Zootecnia;Produccion Animal;2025-II;Gestion de la Produccion de Caprinos;10
Zootecnia;Produccion Animal;2025-II;Gestion de la Produccion de Cuyes;23
Zootecnia;Produccion Animal;2025-II;Gestion de la Produccion de Equinos;17
Zootecnia;Produccion Animal;2025-II;Gestion de la Produccion de Ovinos;14
Zootecnia;Produccion Animal;2025-II;Gestion de la Produccion de Pavos, Patos y Codornices;20
Zootecnia;Produccion Animal;2025-II;Gestion de la Produccion de Pollos de Carne y Gallinas Ponedoras;24
Zootecnia;Produccion Animal;2025-II;Gestion de la Produccion de Porcinos;13
Zootecnia;Produccion Animal;2025-II;Gestion de la Produccion de Vacunos de Carne y Doble Proposito;14
Zootecnia;Produccion Animal;2025-II;Gestion de la Produccion de Vacunos de Leche;40
Zootecnia;Produccion Animal;2025-II;Ingenieria de Procesos en Sistemas de Produccion Animal;52
Zootecnia;Produccion Animal;2025-II;Inseminacion Artificial;41
Zootecnia;Produccion Animal;2025-II;Introduccion a la Ciencia Animal;140
Zootecnia;Produccion Animal;2025-II;Manejo y Aprovechamiento de Animales Silvestres;36
Zootecnia;Produccion Animal;2025-II;Mejoramiento Genetico del Ganado I;21
Zootecnia;Produccion Animal;2025-II;Mejoramiento Genetico del Ganado II;60
Zootecnia;Produccion Animal;2025-II;Metodos Estadisticos Aplicados a la Ciencia Animal;34
Zootecnia;Produccion Animal;2025-II;Metodos Matematicos para la Ingenieria en Ciencia Animal;100
Zootecnia;Produccion Animal;2025-II;Politicas Publicas y Normatividad;51
Zootecnia;Produccion Animal;2025-II;Practicas de Ganaderia;27
Zootecnia;Produccion Animal;2025-II;Produccion y Manejo de Pastos y Forrajes;66
Zootecnia;Produccion Animal;2025-II;Reproduccion Animal;33
Zootecnia;Produccion Animal;2025-II;Seminario en Zootecnia I;55
Zootecnia;Produccion Animal;2025-II;Seminario en Zootecnia II;33
Zootecnia;Produccion Animal;2025-II;Sistemas Agrosilvopastoriles;27
Zootecnia;Produccion Animal;2025-II;Tecnologia de Embriones en Bovinos;12
Zootecnia;Produccion Animal;2025-II;Tecnologia e Industrializacion de Fibras y Pieles;24
Zootecnia;Produccion Animal;2025-II;Tecnologia e Industrializacion de Leche y Carne;36
Zootecnia;Produccion Animal;2025-II;Ultrasonografia y Laparoscopia Reproductiva;10
Zootecnia;Produccion Animal;2025-II;Utilizacion de Pastizales en la Produccion Animal;64
Zootecnia;Produccion Animal;2025-II;Zootecnia General;175
